урUser1,user1@example.com
User2,user2@example.com
User3,user3@example.com
User4,user4@example.com
User5,user5@example.com
User6,user6@example.com
User7,user7@example.com
User8,user8@example.com
User9,user9@example.com
User10,user10@example.com
User11,user11@example.com
User12,user12@example.com
User13,user13@example.com
User14,user14@example.com
User15,user15@example.com
User16,user16@example.com
User17,user17@example.com
User18,user18@example.com
User19,user19@example.com
User20,user20@example.com
User21,user21@example.com
User22,user22@example.com
User23,user23@example.com
User24,user24@example.com
User25,user25@example.com
User26,user26@example.com
User27,user27@example.com
User28,user28@example.com
User29,user29@example.com
User30,user30@example.com
User31,user31@example.com
User32,user32@example.com
User33,user33@example.com
User34,user34@example.com
User35,user35@example.com
User36,user36@example.com
User37,user37@example.com
User38,user38@example.com
User39,user39@example.com
User40,user40@example.com
User41,user41@example.com
User42,user42@example.com
User43,user43@example.com
User44,user44@example.com
User45,user45@example.com
User46,user46@example.com
User47,user47@example.com
User48,user48@example.com
User49,user49@example.com
User50,user50@example.com
User51,user51@example.com
User52,user52@example.com
User53,user53@example.com
User54,user54@example.com
User55,user55@example.com
User56,user56@example.com
User57,user57@example.com
User58,user58@example.com
User59,user59@example.com
User60,user60@example.com
User61,user61@example.com
User62,user62@example.com
User63,user63@example.com
User64,user64@example.com
User65,user65@example.com
User66,user66@example.com
User67,user67@example.com
User68,user68@example.com
User69,user69@example.com
User70,user70@example.com
User71,user71@example.com
User72,user72@example.com
User73,user73@example.com
User74,user74@example.com
User75,user75@example.com
User76,user76@example.com
User77,user77@example.com
User78,user78@example.com
User79,user79@example.com
User80,user80@example.com
User81,user81@example.com
User82,user82@example.com
User83,user83@example.com
User84,user84@example.com
User85,user85@example.com
User86,user86@example.com
User87,user87@example.com
User88,user88@example.com
User89,user89@example.com
User90,user90@example.com
User91,user91@example.com
User92,user92@example.com
User93,user93@example.com
User94,user94@example.com
User95,user95@example.com
User96,user96@example.com
User97,user97@example.com
User98,user98@example.com
User99,user99@example.com
User100,user100@example.com
User101,user101@example.com
User102,user102@example.com
User103,user103@example.com
User104,user104@example.com
User105,user105@example.com
User106,user106@example.com
User107,user107@example.com
User108,user108@example.com
User109,user109@example.com
User110,user110@example.com
User111,user111@example.com
User112,user112@example.com
User113,user113@example.com
User114,user114@example.com
User115,user115@example.com
User116,user116@example.com
User117,user117@example.com
User118,user118@example.com
User119,user119@example.com
User120,user120@example.com
User121,user121@example.com
User122,user122@example.com
User123,user123@example.com
User124,user124@example.com
User125,user125@example.com
User126,user126@example.com
User127,user127@example.com
User128,user128@example.com
User129,user129@example.com
User130,user130@example.com
User131,user131@example.com
User132,user132@example.com
User133,user133@example.com
User134,user134@example.com
User135,user135@example.com
User136,user136@example.com
User137,user137@example.com
User138,user138@example.com
User139,user139@example.com
User140,user140@example.com
User141,user141@example.com
User142,user142@example.com
User143,user143@example.com
User144,user144@example.com
User145,user145@example.com
User146,user146@example.com
User147,user147@example.com
User148,user148@example.com
User149,user149@example.com
User150,user150@example.com
User151,user151@example.com
User152,user152@example.com
User153,user153@example.com
User154,user154@example.com
User155,user155@example.com
User156,user156@example.com
User157,user157@example.com
User158,user158@example.com
User159,user159@example.com
User160,user160@example.com
User161,user161@example.com
User162,user162@example.com
User163,user163@example.com
User164,user164@example.com
User165,user165@example.com
User166,user166@example.com
User167,user167@example.com
User168,user168@example.com
User169,user169@example.com
User170,user170@example.com
User171,user171@example.com
User172,user172@example.com
User173,user173@example.com
User174,user174@example.com
User175,user175@example.com
User176,user176@example.com
User177,user177@example.com
User178,user178@example.com
User179,user179@example.com
User180,user180@example.com
User181,user181@example.com
User182,user182@example.com
User183,user183@example.com
User184,user184@example.com
User185,user185@example.com
User186,user186@example.com
User187,user187@example.com
User188,user188@example.com
User189,user189@example.com
User190,user190@example.com
User191,user191@example.com
User192,user192@example.com
User193,user193@example.com
User194,user194@example.com
User195,user195@example.com
User196,user196@example.com
User197,user197@example.com
User198,user198@example.com
User199,user199@example.com
User200,user200@example.com
User201,user201@example.com
User202,user202@example.com
User203,user203@example.com
User204,user204@example.com
User205,user205@example.com
User206,user206@example.com
User207,user207@example.com
User208,user208@example.com
User209,user209@example.com
User210,user210@example.com
User211,user211@example.com
User212,user212@example.com
User213,user213@example.com
User214,user214@example.com
User215,user215@example.com
User216,user216@example.com
User217,user217@example.com
User218,user218@example.com
User219,user219@example.com
User220,user220@example.com
User221,user221@example.com
User222,user222@example.com
User223,user223@example.com
User224,user224@example.com
User225,user225@example.com
User226,user226@example.com
User227,user227@example.com
User228,user228@example.com
User229,user229@example.com
User230,user230@example.com
User231,user231@example.com
User232,user232@example.com
User233,user233@example.com
User234,user234@example.com
User235,user235@example.com
User236,user236@example.com
User237,user237@example.com
User238,user238@example.com
User239,user239@example.com
User240,user240@example.com
User241,user241@example.com
User242,user242@example.com
User243,user243@example.com
User244,user244@example.com
User245,user245@example.com
User246,user246@example.com
User247,user247@example.com
User248,user248@example.com
User249,user249@example.com
User250,user250@example.com
User251,user251@example.com
User252,user252@example.com
User253,user253@example.com
User254,user254@example.com
User255,user255@example.com
User256,user256@example.com
User257,user257@example.com
User258,user258@example.com
User259,user259@example.com
User260,user260@example.com
User261,user261@example.com
User262,user262@example.com
User263,user263@example.com
User264,user264@example.com
User265,user265@example.com
User266,user266@example.com
User267,user267@example.com
User268,user268@example.com
User269,user269@example.com
User270,user270@example.com
User271,user271@example.com
User272,user272@example.com
User273,user273@example.com
User274,user274@example.com
User275,user275@example.com
User276,user276@example.com
User277,user277@example.com
User278,user278@example.com
User279,user279@example.com
User280,user280@example.com
User281,user281@example.com
User282,user282@example.com
User283,user283@example.com
User284,user284@example.com
User285,user285@example.com
User286,user286@example.com
User287,user287@example.com
User288,user288@example.com
User289,user289@example.com
User290,user290@example.com
User291,user291@example.com
User292,user292@example.com
User293,user293@example.com
User294,user294@example.com
User295,user295@example.com
User296,user296@example.com
User297,user297@example.com
User298,user298@example.com
User299,user299@example.com
User300,user300@example.com
User301,user301@example.com
User302,user302@example.com
User303,user303@example.com
User304,user304@example.com
User305,user305@example.com
User306,user306@example.com
User307,user307@example.com
User308,user308@example.com
User309,user309@example.com
User310,user310@example.com
User311,user311@example.com
User312,user312@example.com
User313,user313@example.com
User314,user314@example.com
User315,user315@example.com
User316,user316@example.com
User317,user317@example.com
User318,user318@example.com
User319,user319@example.com
User320,user320@example.com
User321,user321@example.com
User322,user322@example.com
User323,user323@example.com
User324,user324@example.com
User325,user325@example.com
User326,user326@example.com
User327,user327@example.com
User328,user328@example.com
User329,user329@example.com
User330,user330@example.com
User331,user331@example.com
User332,user332@example.com
User333,user333@example.com
User334,user334@example.com
User335,user335@example.com
User336,user336@example.com
User337,user337@example.com
User338,user338@example.com
User339,user339@example.com
User340,user340@example.com
User341,user341@example.com
User342,user342@example.com
User343,user343@example.com
User344,user344@example.com
User345,user345@example.com
User346,user346@example.com
User347,user347@example.com
User348,user348@example.com
User349,user349@example.com
User350,user350@example.com
User351,user351@example.com
User352,user352@example.com
User353,user353@example.com
User354,user354@example.com
User355,user355@example.com
User356,user356@example.com
User357,user357@example.com
User358,user358@example.com
User359,user359@example.com
User360,user360@example.com
User361,user361@example.com
User362,user362@example.com
User363,user363@example.com
User364,user364@example.com
User365,user365@example.com
User366,user366@example.com
User367,user367@example.com
User368,user368@example.com
User369,user369@example.com
User370,user370@example.com
User371,user371@example.com
User372,user372@example.com
User373,user373@example.com
User374,user374@example.com
User375,user375@example.com
User376,user376@example.com
User377,user377@example.com
User378,user378@example.com
User379,user379@example.com
User380,user380@example.com
User381,user381@example.com
User382,user382@example.com
User383,user383@example.com
User384,user384@example.com
User385,user385@example.com
User386,user386@example.com
User387,user387@example.com
User388,user388@example.com
User389,user389@example.com
User390,user390@example.com
User391,user391@example.com
User392,user392@example.com
User393,user393@example.com
User394,user394@example.com
User395,user395@example.com
User396,user396@example.com
User397,user397@example.com
User398,user398@example.com
User399,user399@example.com
User400,user400@example.com
User401,user401@example.com
User402,user402@example.com
User403,user403@example.com
User404,user404@example.com
User405,user405@example.com
User406,user406@example.com
User407,user407@example.com
User408,user408@example.com
User409,user409@example.com
User410,user410@example.com
User411,user411@example.com
User412,user412@example.com
User413,user413@example.com
User414,user414@example.com
User415,user415@example.com
User416,user416@example.com
User417,user417@example.com
User418,user418@example.com
User419,user419@example.com
User420,user420@example.com
User421,user421@example.com
User422,user422@example.com
User423,user423@example.com
User424,user424@example.com
User425,user425@example.com
User426,user426@example.com
User427,user427@example.com
User428,user428@example.com
User429,user429@example.com
User430,user430@example.com
User431,user431@example.com
User432,user432@example.com
User433,user433@example.com
User434,user434@example.com
User435,user435@example.com
User436,user436@example.com
User437,user437@example.com
User438,user438@example.com
User439,user439@example.com
User440,user440@example.com
User441,user441@example.com
User442,user442@example.com
User443,user443@example.com
User444,user444@example.com
User445,user445@example.com
User446,user446@example.com
User447,user447@example.com
User448,user448@example.com
User449,user449@example.com
User450,user450@example.com
User451,user451@example.com
User452,user452@example.com
User453,user453@example.com
User454,user454@example.com
User455,user455@example.com
User456,user456@example.com
User457,user457@example.com
User458,user458@example.com
User459,user459@example.com
User460,user460@example.com
User461,user461@example.com
User462,user462@example.com
User463,user463@example.com
User464,user464@example.com
User465,user465@example.com
User466,user466@example.com
User467,user467@example.com
User468,user468@example.com
User469,user469@example.com
User470,user470@example.com
User471,user471@example.com
User472,user472@example.com
User473,user473@example.com
User474,user474@example.com
User475,user475@example.com
User476,user476@example.com
User477,user477@example.com
User478,user478@example.com
User479,user479@example.com
User480,user480@example.com
User481,user481@example.com
User482,user482@example.com
User483,user483@example.com
User484,user484@example.com
User485,user485@example.com
User486,user486@example.com
User487,user487@example.com
User488,user488@example.com
User489,user489@example.com
User490,user490@example.com
User491,user491@example.com
User492,user492@example.com
User493,user493@example.com
User494,user494@example.com
User495,user495@example.com
User496,user496@example.com
User497,user497@example.com
User498,user498@example.com
User499,user499@example.com
User500,user500@example.com
User501,user501@example.com
User502,user502@example.com
User503,user503@example.com
User504,user504@example.com
User505,user505@example.com
User506,user506@example.com
User507,user507@example.com
User508,user508@example.com
User509,user509@example.com
User510,user510@example.com
User511,user511@example.com
User512,user512@example.com
User513,user513@example.com
User514,user514@example.com
User515,user515@example.com
User516,user516@example.com
User517,user517@example.com
User518,user518@example.com
User519,user519@example.com
User520,user520@example.com
User521,user521@example.com
User522,user522@example.com
User523,user523@example.com
User524,user524@example.com
User525,user525@example.com
User526,user526@example.com
User527,user527@example.com
User528,user528@example.com
User529,user529@example.com
User530,user530@example.com
User531,user531@example.com
User532,user532@example.com
User533,user533@example.com
User534,user534@example.com
User535,user535@example.com
User536,user536@example.com
User537,user537@example.com
User538,user538@example.com
User539,user539@example.com
User540,user540@example.com
User541,user541@example.com
User542,user542@example.com
User543,user543@example.com
User544,user544@example.com
User545,user545@example.com
User546,user546@example.com
User547,user547@example.com
User548,user548@example.com
User549,user549@example.com
User550,user550@example.com
User551,user551@example.com
User552,user552@example.com
User553,user553@example.com
User554,user554@example.com
User555,user555@example.com
User556,user556@example.com
User557,user557@example.com
User558,user558@example.com
User559,user559@example.com
User560,user560@example.com
User561,user561@example.com
User562,user562@example.com
User563,user563@example.com
User564,user564@example.com
User565,user565@example.com
User566,user566@example.com
User567,user567@example.com
User568,user568@example.com
User569,user569@example.com
User570,user570@example.com
User571,user571@example.com
User572,user572@example.com
User573,user573@example.com
User574,user574@example.com
User575,user575@example.com
User576,user576@example.com
User577,user577@example.com
User578,user578@example.com
User579,user579@example.com
User580,user580@example.com
User581,user581@example.com
User582,user582@example.com
User583,user583@example.com
User584,user584@example.com
User585,user585@example.com
User586,user586@example.com
User587,user587@example.com
User588,user588@example.com
User589,user589@example.com
User590,user590@example.com
User591,user591@example.com
User592,user592@example.com
User593,user593@example.com
User594,user594@example.com
User595,user595@example.com
User596,user596@example.com
User597,user597@example.com
User598,user598@example.com
User599,user599@example.com
User600,user600@example.com
User601,user601@example.com
User602,user602@example.com
User603,user603@example.com
User604,user604@example.com
User605,user605@example.com
User606,user606@example.com
User607,user607@example.com
User608,user608@example.com
User609,user609@example.com
User610,user610@example.com
User611,user611@example.com
User612,user612@example.com
User613,user613@example.com
User614,user614@example.com
User615,user615@example.com
User616,user616@example.com
User617,user617@example.com
User618,user618@example.com
User619,user619@example.com
User620,user620@example.com
User621,user621@example.com
User622,user622@example.com
User623,user623@example.com
User624,user624@example.com
User625,user625@example.com
User626,user626@example.com
User627,user627@example.com
User628,user628@example.com
User629,user629@example.com
User630,user630@example.com
User631,user631@example.com
User632,user632@example.com
User633,user633@example.com
User634,user634@example.com
User635,user635@example.com
User636,user636@example.com
User637,user637@example.com
User638,user638@example.com
User639,user639@example.com
User640,user640@example.com
User641,user641@example.com
User642,user642@example.com
User643,user643@example.com
User644,user644@example.com
User645,user645@example.com
User646,user646@example.com
User647,user647@example.com
User648,user648@example.com
User649,user649@example.com
User650,user650@example.com
User651,user651@example.com
User652,user652@example.com
User653,user653@example.com
User654,user654@example.com
User655,user655@example.com
User656,user656@example.com
User657,user657@example.com
User658,user658@example.com
User659,user659@example.com
User660,user660@example.com
User661,user661@example.com
User662,user662@example.com
User663,user663@example.com
User664,user664@example.com
User665,user665@example.com
User666,user666@example.com
User667,user667@example.com
User668,user668@example.com
User669,user669@example.com
User670,user670@example.com
User671,user671@example.com
User672,user672@example.com
User673,user673@example.com
User674,user674@example.com
User675,user675@example.com
User676,user676@example.com
User677,user677@example.com
User678,user678@example.com
User679,user679@example.com
User680,user680@example.com
User681,user681@example.com
User682,user682@example.com
User683,user683@example.com
User684,user684@example.com
User685,user685@example.com
User686,user686@example.com
User687,user687@example.com
User688,user688@example.com
User689,user689@example.com
User690,user690@example.com
User691,user691@example.com
User692,user692@example.com
User693,user693@example.com
User694,user694@example.com
User695,user695@example.com
User696,user696@example.com
User697,user697@example.com
User698,user698@example.com
User699,user699@example.com
User700,user700@example.com
User701,user701@example.com
User702,user702@example.com
User703,user703@example.com
User704,user704@example.com
User705,user705@example.com
User706,user706@example.com
User707,user707@example.com
User708,user708@example.com
User709,user709@example.com
User710,user710@example.com
User711,user711@example.com
User712,user712@example.com
User713,user713@example.com
User714,user714@example.com
User715,user715@example.com
User716,user716@example.com
User717,user717@example.com
User718,user718@example.com
User719,user719@example.com
User720,user720@example.com
User721,user721@example.com
User722,user722@example.com
User723,user723@example.com
User724,user724@example.com
User725,user725@example.com
User726,user726@example.com
User727,user727@example.com
User728,user728@example.com
User729,user729@example.com
User730,user730@example.com
User731,user731@example.com
User732,user732@example.com
User733,user733@example.com
User734,user734@example.com
User735,user735@example.com
User736,user736@example.com
User737,user737@example.com
User738,user738@example.com
User739,user739@example.com
User740,user740@example.com
User741,user741@example.com
User742,user742@example.com
User743,user743@example.com
User744,user744@example.com
User745,user745@example.com
User746,user746@example.com
User747,user747@example.com
User748,user748@example.com
User749,user749@example.com
User750,user750@example.com
User751,user751@example.com
User752,user752@example.com
User753,user753@example.com
User754,user754@example.com
User755,user755@example.com
User756,user756@example.com
User757,user757@example.com
User758,user758@example.com
User759,user759@example.com
User760,user760@example.com
User761,user761@example.com
User762,user762@example.com
User763,user763@example.com
User764,user764@example.com
User765,user765@example.com
User766,user766@example.com
User767,user767@example.com
User768,user768@example.com
User769,user769@example.com
User770,user770@example.com
User771,user771@example.com
User772,user772@example.com
User773,user773@example.com
User774,user774@example.com
User775,user775@example.com
User776,user776@example.com
User777,user777@example.com
User778,user778@example.com
User779,user779@example.com
User780,user780@example.com
User781,user781@example.com
User782,user782@example.com
User783,user783@example.com
User784,user784@example.com
User785,user785@example.com
User786,user786@example.com
User787,user787@example.com
User788,user788@example.com
User789,user789@example.com
User790,user790@example.com
User791,user791@example.com
User792,user792@example.com
User793,user793@example.com
User794,user794@example.com
User795,user795@example.com
User796,user796@example.com
User797,user797@example.com
User798,user798@example.com
User799,user799@example.com
User800,user800@example.com
User801,user801@example.com
User802,user802@example.com
User803,user803@example.com
User804,user804@example.com
User805,user805@example.com
User806,user806@example.com
User807,user807@example.com
User808,user808@example.com
User809,user809@example.com
User810,user810@example.com
User811,user811@example.com
User812,user812@example.com
User813,user813@example.com
User814,user814@example.com
User815,user815@example.com
User816,user816@example.com
User817,user817@example.com
User818,user818@example.com
User819,user819@example.com
User820,user820@example.com
User821,user821@example.com
User822,user822@example.com
User823,user823@example.com
User824,user824@example.com
User825,user825@example.com
User826,user826@example.com
User827,user827@example.com
User828,user828@example.com
User829,user829@example.com
User830,user830@example.com
User831,user831@example.com
User832,user832@example.com
User833,user833@example.com
User834,user834@example.com
User835,user835@example.com
User836,user836@example.com
User837,user837@example.com
User838,user838@example.com
User839,user839@example.com
User840,user840@example.com
User841,user841@example.com
User842,user842@example.com
User843,user843@example.com
User844,user844@example.com
User845,user845@example.com
User846,user846@example.com
User847,user847@example.com
User848,user848@example.com
User849,user849@example.com
User850,user850@example.com
User851,user851@example.com
User852,user852@example.com
User853,user853@example.com
User854,user854@example.com
User855,user855@example.com
User856,user856@example.com
User857,user857@example.com
User858,user858@example.com
User859,user859@example.com
User860,user860@example.com
User861,user861@example.com
User862,user862@example.com
User863,user863@example.com
User864,user864@example.com
User865,user865@example.com
User866,user866@example.com
User867,user867@example.com
User868,user868@example.com
User869,user869@example.com
User870,user870@example.com
User871,user871@example.com
User872,user872@example.com
User873,user873@example.com
User874,user874@example.com
User875,user875@example.com
User876,user876@example.com
User877,user877@example.com
User878,user878@example.com
User879,user879@example.com
User880,user880@example.com
User881,user881@example.com
User882,user882@example.com
User883,user883@example.com
User884,user884@example.com
User885,user885@example.com
User886,user886@example.com
User887,user887@example.com
User888,user888@example.com
User889,user889@example.com
User890,user890@example.com
User891,user891@example.com
User892,user892@example.com
User893,user893@example.com
User894,user894@example.com
User895,user895@example.com
User896,user896@example.com
User897,user897@example.com
User898,user898@example.com
User899,user899@example.com
User900,user900@example.com
User901,user901@example.com
User902,user902@example.com
User903,user903@example.com
User904,user904@example.com
User905,user905@example.com
User906,user906@example.com
User907,user907@example.com
User908,user908@example.com
User909,user909@example.com
User910,user910@example.com
User911,user911@example.com
User912,user912@example.com
User913,user913@example.com
User914,user914@example.com
User915,user915@example.com
User916,user916@example.com
User917,user917@example.com
User918,user918@example.com
User919,user919@example.com
User920,user920@example.com
User921,user921@example.com
User922,user922@example.com
User923,user923@example.com
User924,user924@example.com
User925,user925@example.com
User926,user926@example.com
User927,user927@example.com
User928,user928@example.com
User929,user929@example.com
User930,user930@example.com
User931,user931@example.com
User932,user932@example.com
User933,user933@example.com
User934,user934@example.com
User935,user935@example.com
User936,user936@example.com
User937,user937@example.com
User938,user938@example.com
User939,user939@example.com
User940,user940@example.com
User941,user941@example.com
User942,user942@example.com
User943,user943@example.com
User944,user944@example.com
User945,user945@example.com
User946,user946@example.com
User947,user947@example.com
User948,user948@example.com
User949,user949@example.com
User950,user950@example.com
User951,user951@example.com
User952,user952@example.com
User953,user953@example.com
User954,user954@example.com
User955,user955@example.com
User956,user956@example.com
User957,user957@example.com
User958,user958@example.com
User959,user959@example.com
User960,user960@example.com
User961,user961@example.com
User962,user962@example.com
User963,user963@example.com
User964,user964@example.com
User965,user965@example.com
User966,user966@example.com
User967,user967@example.com
User968,user968@example.com
User969,user969@example.com
User970,user970@example.com
User971,user971@example.com
User972,user972@example.com
User973,user973@example.com
User974,user974@example.com
User975,user975@example.com
User976,user976@example.com
User977,user977@example.com
User978,user978@example.com
User979,user979@example.com
User980,user980@example.com
User981,user981@example.com
User982,user982@example.com
User983,user983@example.com
User984,user984@example.com
User985,user985@example.com
User986,user986@example.com
User987,user987@example.com
User988,user988@example.com
User989,user989@example.com
User990,user990@example.com
User991,user991@example.com
User992,user992@example.com
User993,user993@example.com
User994,user994@example.com
User995,user995@example.com
User996,user996@example.com
User997,user997@example.com
User998,user998@example.com
User999,user999@example.com
User1000,user1000@example.com
